{
  "accuracy": 0.3919483478921382,
  "macro_f1": 0.30953880158325675,
  "macro_precision": 0.3241221765930769,
  "macro_recall": 0.37605898159501944,
  "weighted_f1": 0.38731426643718647,
  "weighted_precision": 0.49020691846022485,
  "weighted_recall": 0.3919483478921382,
  "model": "logistic_regression",
  "test_samples": 2633,
  "num_labels": 154
}